Suggestion0,Suggestion1,Suggestion2,Suggestion3,Suggestion4
یزد,اهر,دهق,سهند,مشهد
نهاوند,نکا,اهر,دهق,نقاب
ساوه,پاوه,قروه,گناوه,سئول
یاسوج,یاس بندرانزلی,یاس اصفهان,یزد,لار
بندر انزلی,تهران,مشهد,اصفهان,شیراز
فومن,بم,شوط,قم,فسا
گناوه,پاوه,ساوه,گواتی,کلاله
کازرون,بازل,کابل,لار,کیش
محرق,محلات,محمدیه,محمودآباد,آمل
گنبد کاووس,میبد,گناباد,کابل,یزد
عجبشیر,جم,حلب,نجف,سراب
ارومیه,قروه,سرچم,ارزروم,اراک
فولادشهر,فومن,اولو,فسا,رودان
کاشان,ساسان,داران,کاشمر,کنگان
اندیمشک,اندیشه,شاندرمن,تهران,مشهد
کرمانشاه,کرمان,تهران,مشهد,اصفهان
جم,جمکران,بم,قم,رم
ایلام,دیلم,ایوان,پیام,میلان
میبد,کیش,خمین,نیر,وین
رشت,هرات,سردشت,قشم,ری
بیجار,سبزوار,تیران,لار,زنجان
چابهار,چاتهام,ابهر,چذابه,تارا
تارا,تفلیس,تهران - پایانه جنوب,تیران,تالدیقورغان
قاهره,قائم شهر,قائن,قائمشهر,قاینات
آدینا,آمستردام,آدانا,آغاجاری,آرامیس
بهبهان,بابل,بدره,بیشه,بصره
اراک,تارا,ارس,سراب,پارس
سیرجان,سیری,نیر,سایر,لار
پایانه غرب,پایانه مرزی مهران,پایانه جنوب,پایانه فدک,پایانه بیهقی
بم,بمبئی,قم,جم,رم
کازرون,کابل,کامیاران,کاشمر,کارا ارومیه
بوشهر,شوش,کیش,خاش,بم
میامی,میانه,میاندوآب,میبد,کیش
سمنان,فومن,وان,آمل,خمین
زرین شهر,زرین دشت,زوریخ,اورین,فریدن
انکارانسیون,اندیشه,انگلهولم,انارک,اندیمشک
اردبیل,سراب,اراک,داراب,ارس
زاگرب,زوریخ,زنجان,زابل,زاهدان
سنفورد,سبزوار,سراب,سعدی,سمنان
رودسر,رودان,ورسک,رضویه,سعدی
طوالش,طالقان,طبس,بم,شوط
یاسوج,باکو,جاسک,اسکو,ماکو
شیرگاه,شیکاگو,شیرازیس,شیراز - پایانه مدرس,شیراز - پایانه امیرکبیر
دهدشت,دهق,یزد,اهر,دهلی
سمنان,سهند,سقا,ازنا,آدینا
میانه,مدینه,مراغه,میامی,میلان
بندرعباس,بدره,بادرود,کنارک,لندن
ارومیه,ارزوییه,رضویه,ازمیر,قروه
دامغان,داران,امان,سمنان,ساسان
ملایر,لار,سایر,کلاله,ازمیر
نجف عراق,نجف آباد,نجف,خنج,بم
شهر قدس,شهربابک,شهریار,شهرکرد,شهرک
طبس,دبی,بم,قم,جم
سرعین,سراب,سرچم,ساری,سیری
بم,قم,جم,ری,رم
بندرعباس,بندر مقام,تهران,مشهد,اصفهان
بیروت,بیرم,بیرجند,نیر,لار
دامغان,دیلم,لار,دهق,وان
خرم پی,خرم دره,خرم آباد,هرمز,برمن
کاشمر,کاشان,کیش,خاش,کابل
ملایر,لار,آمل,محلات,کلن
بیشه,کیش,ایذه,بدره,دبی
عسلویه,عسلويه,اسلو,سعدی,دهلی
فردوسی,فردریکتون,فردوس,یزد,فریدن
کابل,لار,باکو,کربو,کیش
اندیشه,اندیمشک,سعدی,لندن,انار
جزیره لاوان,جوین,جاسک,جهانگردی غار علیصدر,جاجرم
قزوین,قروه,خوی,رضویه,ازمیر
دهق,دهلی,دهلران,دهدشت,جده
میلواکی,مینسک,میبد,میامی,میلان
زنجان,رزن,کن,یزد,وان
کازرون,زاگرب,بادرود,تارا,بازل
خوانسار,خواف,خور,خوی,وان
بم,شوط,قم,قشم,جم
بابلسر,بابل,بازل,کابل,زابل
کنگان,کنگاور,نکا,کونیا,کن
تارا,کابل,بابل,اهر,زابل
بازل,وان,رازی,شازند,قائن
شهرکرد,شهرک,شهر قدس,شهریار,شهررضا
بیرجند,تیران,بروجن,سیرجان,بیروت
بوشهر,بیشه,نوشهر,بدره,دوحه
لامرد,لار,وان,خاش,بم
رفسنجان,ارسنجان,زنجان,لنجان,تهران
سنندج,سهند,سعدی,سمنان,لندن
سمنان,ساسان,لبنان,همدان,امان
ایران زمین,ایرانشهر,تیران,ایوان,ایروان
شاهین شهر,شاهین دژ,شاهرود,لار,اهر
شوشتر,شوش,شوط,کیش,خاش
کرمانشاه,کرمان,تهران,مشهد,اصفهان
رودان,رودسر,رودبار,قروه,یزد
مهرآباد,مهاباد,مهران,اهر,دهق
فاطیما,فارسان,فسا,لار,وان
یزد,یزد - کمربندی,میبد,رزن,بازل
صومعه سرا,صحار,صحت سرعین,صفاشهر,صحنه
جیرفت,جم,ری,جوین,کیش
میلواکی,مینسک,میبد,مدینه,مسجد سلیمان
ایرانشهر,پیرانشهر,کیاشهر,اسلامشهر,تهران
زابل,کابل,بابل,بازل,ناپل
بم,قم,جم,ری,رم
دزفول,یزد,دهق,دبی,رزن
خمین,خمینی شهر,بم,قم,جم
رودان,رضویه,رودسر,رامهرمز,رودبار
فرودگاه امام خمینی,قروه,کربو,تفرش,فسا
قائم شهر,قائن,قائمشهر,لار,وان
لار,لارستان,لاهیجان,لایپزیگ,لارناکا
اردکان,اراک,تارا,ورسک,اردستان
چابهار,چذابه,کابل,بابل,زابل
گناباد,آباده,تایباد,عماد,ابهر
شهرضا,شهررضا,شهریار,شهرک,شهر
همدان,رودان,سمنان,امان,تیران
سبزوار,سراب,دبی,بم,قم
نوشهر,نوشهیر,شوش,نور,کیش
مهران,تارا,اهر,محرق,هرات
میبد,یزد,مشهد,مرند,مینسک
هلسینکی,هشتگرد,هرات,هرمز,هشتپر
کلاله,کازرون,کیاشهر,کابل,کنارک
تبریز,تارا,تفرش,بشری,دبی
البرز,حلب,اهر,اولو,کلن
امیدیه,ازمیر,اهر,آمل,رازی
تهران,مشهد,اصفهان,شیراز,بندرعباس
دزفول,دیلم,یزد,دهق,باکو
نارنجستان,نایروبی,نائین,ناپل,نکا
دیلم,دیواندره,دیرالزور,دبی,ری
اقلید,بازل,کابل,بابل,اهر
ابهر,اهر,چابهار,انار,شهر
توحید نوین,تویسرکان,توکیو,توسان,تورین
تهران - پایانه جنوب,تهران - تهران غرب,تهران - تهران بیهقی,تهران - همه پایانهها,تهران - پایانه پونک
بروجن,بروجرد,قروه,باکو,کربو
دورود,خور,نور,لار,اهر
بم,قم,جم,ری,رم
نیشابور,نیویورک,نیک شهر,نیر,نیس
پلدختر,پارسیان کوثر,پایانه غرب,پورتلند,پارس
بندر انزلی,تهران,مشهد,اصفهان,شیراز
میانه,میاندوآب,میلان,تیران,سمنان
سلمان شهر,سلطان آباد,سلماس,سلیمانیه,آمل
دورود,بادرود,ورسک,قروه,نوردوز
بادرود,بندر چابهار,بازل,بندرترکمن,بروجن
بهبهان,بهرگان,بجستان,قهستان,عنبران
سبزوار,سقز,دبی,بم,طبس
سنندج,سهند,سنقر,مرند,پرند
قائم شهر,قائمشهر,شاهین شهر,نیک شهر,زرین شهر
مشهد,میبد,شهرک,مرند,شهر
اهواز - همه پایانهها,تهران,مشهد,اصفهان,شیراز
دامغان,دالامان,داران,داراب,لار
شاهین شهر,شازند,شاندرمن,شاهین دژ,شاهرود
ورسک,ونکوور,وان,ونیز,وین
نقاب,نقده,دهق,بم,نیر
بادرود,بازل,بابل,باکو,باتومی گرجستان
فیروزکوه,ری,کیش,دبی,بم
نوردوز,نطنز,نجف عراق,نوشهر,نورنبرگ
بازل,لار,عماد,وان,رازی
گرگان,گرگان - همه پایانهها,گراش,درگز,ری
بوکان,باکو,پوکت,نکا,رودان
تارا,تالدیقورغان,تایباد,تاشکند,تاکستان
کوهدشت,قروه,کیش,کویت,دوحه
مشگین شهر,مشهد,دمشق,کیش,آمل
بندرعباس,بندر گز,تهران,مشهد,اصفهان
آمل,بم,قم,جم,رم
کلاله,کلیولند,کلمبو,کلن,کلیبر
لنگرود,لار,لندن,نیر,سنقر
دیلم,دهق,دهلی,کیش,آمل
گناباد,بهاباد,مهاباد,تایباد,گناوه
آرامیس,لار,اهر,آمل,بم
بجستان,بجنورد,بم,دبی,قم
شبستر,دبی,بم,شوط,قم
سراب,سراوان,سرایان,سقا,تارا
داران,داراب,لار,تارا,پارس
لندن,لنجان,لنگرود,کلن,کن
شهید مدنی,شهر قدس,شیرگاه,شهدای پرواز  هما,شیکاگو
ماهشهر,لار,اهر,عماد,وان
کلاله,کازرون,کیاشهر,کابل,کنارک
قزوین,جوین,وین,رضویه,ازمیر
تهران - پایانه جنوب,تهران - تهران غرب,تهران - تهران بیهقی,تهران - همه پایانهها,تهران - پایانه پونک
تنکابن,تکاب,نقاب,بناب,نکا
کلاله,کابل,لار,کلن,خلخال
عسلویه,عسلويه,آمل,فسا,اسلو
تهران - پایانه جنوب,تهران - تهران غرب,تهران - تهران بیهقی,تهران - همه پایانهها,تهران - پایانه پونک
ری,ارس,رم,ورسک,پارس
ماکو,باکو,مسکو,مالمو,اسکو
خوانسار,وان,خواف,رودان,جوین
بم,قم,جم,ری,رم
بندر چابهار,بندرترکمن,بندر بوشهر,بندر کنگان,بندر مقام
محلات,میلان,لار,محرق,هرات
شوشتر,شوط,شوش,بم,قم
بندرعباس,بادرود,بدره,آندروس,بندر گز
محمودآباد,محرق,مسکو,مالمو,ماکو
آبادان,ابردین,رودان,اشکنان,سپیدان
بندرعباس,بندر مقام,بندر دیر,بندر گز,تهران
ری,ریاض,رم,کیش,رازی
عسلویه,عسلويه,اسلو,اولو,مسکو
همدان,یزد,عماد,آمل,بم
قائمشهر,قائن,قاهره,نائین,کاشمر
آستانه اشرفیه,آستارا,فسا,استان,آتن
بهبهان,بهشهر,بابل,بدره,بمبئی
مهاباد,سراب,نقاب,تکاب,بناب
هشتگرد,هشتپر,اهر,دهق,کیش
ماهشهر,درهشهر,بهشهر,کیاشهر,قاهره
دورود,دوحه,دوشنبه,دوسلدورف,دهق
مراغه,میانه,کلاله,سراب,قروه
بروجن,برداسکن,برازجان,براونشوایگ,بروجرد
همدان,رودان,تارا,سعدی,سمنان
حاجی آباد,حافظ,حلب,حیدرآباد,حاجی آباد قائن
سقا,سقز,دهق,بم,قم
شازند,دماوند,مرند,ازنا,بازل
کربو,کردکوی,کربلا,کرمانشاه,کراکوف
گرگان,گرگان - همه پایانهها,گراش,کنگان,بهرگان
خرمآباد,خرمشهر,خرم پی,خرم دره,خرم آباد
بابل,بابا میدان,بابلسر,بناب,سراب
لار,اهر,بم,نیر,قم
خوی,خور,جوین,خمین,دبی
بهشهر,بیشه,بدره,بصره,بانه
اورین,اورشلیم,اولو,اوز,لار
عسلویه,عسلويه,رضویه,ساوه,بشرویه
ایروان,ایران زمین,ایروان ارمنستان,ایرانشهر,اهر
ساسان,سانتا آنا,سائوپائولو,ساحلی خلیج فارس قشم,ساری
پایانه غرب,پایانه مرزی مهران,پایانه جنوب,پایانه فدک,پایانه بیهقی
املش,آمل,بازل,کابل,بابل
اهواز,اهواز - همه پایانهها,اهواز - پایانه تپه,اهواز - پایانه سیاحت,اهواز - اهواز تپه
عسلویه,عماد,عجبشیر,عنبران,علی آباد بابلسر
ساری,سیری,تارا,سعدی,پارس
چاتهام,چابهار,چالوس,لار,وان
شاهین شهر,شاهین دژ,نائین,باغین,قاهره
کرمانشاه,کرمان,رم,کرج,سرچم
بهاباد,بهبهان,بهرگان,بهشهر,بم
قشم,قم,کیش,خاش,بم
لار,لارستان,لارناکا,تارا,پارس
چالوس,باکو,اولو,تالش,مالمو
شاهرود,اهر,شهر,قاهره,لار
بندرعباس,تهران,مشهد,اصفهان,شیراز
ارزروم ترکیه,اربیل عراق,اردستان,ارزروم,ارزوییه
اقلید,لار,اهر,دهق,وان
فسا,بم,قم,جم,نیس
ایذه,بیشه,قاهره,قروه,دیلم
فولادشهر,فومن,آمل,شوط,اولو
خمین,خمینی شهر,خوی,آمل,دبی
کازرون,بازل,کابل,لار,اهر
گناباد,گنبد کاووس,گناوه,کن,وان
زنجان,لنجان,خنج,نکا,ازنا
ایران زمین,ایرانشهر,تارا,تیران,اهر
بروجرد,بروجن,بیرجند,بجنورد,تهران
چابهار,سراب,کابل,لار,بابل
ارومیه,ارس,تارا,پارس,قروه
امام رضا,امیدیه,امام خمینی,املش,امان
دز سوم شعبان,دزفول,یزد,دهق,دبی
تهران - پایانه جنوب,تهران - تهران غرب,تهران - تهران بیهقی,تهران - همه پایانهها,تهران - پایانه پونک
دامغان,دبی همه فرودگاهها,دیلم,دز سوم شعبان,دیواندره
عباسی,عباس آباد,دبی,بم,قم
کاشان,تارا,کابل,کیش,کاشمر
قائمشهر,قائم شهر,ماهشهر,خرمشهر,هادیشهر
تبریز,تورین,نیریز,تارا,تفلیس
ماهشهر,مار زنگی,مادرید,مالاگا,مالمو
نهاوند,زنجان,وان,نائین,دماوند
دزفول,زابل,دورود,سئول,دلفان
جهانگردی غار علیصدر,جهانگردی آبگرم محلات,جهرم,جهانگردی,جده
تربت جام,تربت حیدریه,کربو,هرات,رشت
پایانه غرب,پایانه مرزی مهران,پایانه جنوب,پایانه فدک,پایانه بیهقی
لنگرود,زاگرب,کنارک,لار,لندن
بوکان,رودان,وان,توسان,بوستن
دهق,بافق,بیشه,بیرم,بازل
قائم شهر,قائمشهر,قائن,قم,قشم
خرم آباد,خرمآباد,پارس آباد,مرزن آباد,نجف آباد
بجنورد,باکو,بلونو,بانه,بازل
آمل,بم,قم,جم,ری
تبریز,دبی,بم,قم,تکاب
کنگان,زنجان,گرگان,لنجان,کاشان
بهبهان,بابل,اهر,دهق,بم
تنکابن,آتن,کن,وان,بم
نجف عراق,نجف آباد,نجف,نیر,جم
اردبیل,اربیل,ابردین,دبی,ارومیه
شیرگاه,شیکاگو,شیرازیس,شیراز - پایانه مدرس,شیراز - پایانه امیرکبیر
کازرون,بادرود,اورین,داران,ایروان
دهدشت,دهق,دهلی,سعدی,دیلم
گناباد,گناوه,گراش,فسا,خنج
ازمیر,بازل,دهلی,رازی,اولو
سنفورد,سن مارینو,سنقر,سنندج,کن
محلات,محرق,حلب,میلان,تارا
شوشتر,نوشهر,شبستر,شوش,بوشهر
کویت,کوآلالامپور,کوهدشت,کونکوردیا,کونیا
نهاوند,نهبندان,اهر,دهق,بم
لار,اهر,وان,خاش,بم
مسجد سلیمان,مسقط,مسکو,مسجدسلیمان,آمل
شاهین شهر,شاهین دژ,اهر,رازی,ساری
یاسوج,ساسان,باکو,جاسک,پاوه
چالوس,بازل,کابل,لار,بابل
لاهیجان,ایوان,لارستان,لنجان,زاهدان
داراب,داران,تارا,سراب,اراک
اردبیل,دبی,اربیل,سراب,سعدی
بیرجند,تیران,بروجن,سیرجان,بیروت
شازند,ازمیر,دماوند,ماهشهر,مرند
سمنان,بم,قم,جم,رم
لامرد,لار,اهر,کاشمر,ملایر
بیروت,بیتبورگ,بیشه,بین المللی اسپیناس خلیج فارس,بیجار
اصفهان - اصفهان صفه,اصفهان - پایانه جی,اصفهان - پایانه کاوه,اصفهان - پایانه صفه,اصفهان
محمودآباد,میبد,عماد,محرق,محلات
فرودگاه امام خمینی,قروه,فریدن,دورود,فردوس
پایانه غرب,پایانه مرزی مهران,پایانه جنوب,پایانه فدک,پایانه بیهقی
ابهر,کابل,بابل,اهر,زابل
رویان,ری,خوی,رضویه,قروه
مراغه,تارا,سراب,گراش,محرق
چابهار,چاتهام,ابهر,اهر,بابلسر
ایرانشهر,تیران,ایوان,ایروان,اورین
ایلام,دیلم,ایوان,ایذه,اولو
بوشهر,نوشهر,بهشهر,شوشتر,نوشهیر
پایانه غرب,پایانه مرزی مهران,پایانه جنوب,پایانه فدک,پایانه بیهقی
یزد,یزد - کمربندی,یاسوج,یاس بندرانزلی,یاس اصفهان
قاینات,قایمیه,لار,وان,رازی
ساوه,ساوجبلاغ,سراب,لار,باکو
گیلانغرب,دیلم,ایلام,میلان,آدینا
شیرگاه,شیرازیس,شیراز - پایانه مدرس,شیراز - پایانه امیرکبیر,شیروان
قاهره,قروه,قهستان,قزوین,قم
ملایر,لار,محلات,میامی,میلان
ملایر,ملبورن,آمل,بم,قم
زاهدان,اهر,زابل,مشهد,زرند
اصفهان - اصفهان صفه,اصفهان - پایانه جی,اصفهان,اصفهان - پایانه کاوه,اصفهان - پایانه صفه
لار,اهر,وان,خاش,بم
بروجن,بروجرد,قروه,بیروت,برمن
بجنورد,سنفورد,بروجرد,نور,تهران
خمین,خمینی شهر,جوین,وین,خوی
گواتی,گالیکش,گناباد,گنبد کاووس,گراش
ماسال,پارس,لار,سلماس,عماد
رامهرمز,رازی,رامسر,ری,رم
مهاباد,بهاباد,تارا,سراب,کابل
سبزوار,سراوان,زواره,سیواس,بیجار
استانبول ترکیه,استرویل,استکهلم,استان,استانبول
زاهدان,لار,اهر,زابل,وان
استانبول ترکیه,استان,استانبول,استانبول همه فرودگاهها,فسا
چاتهام,چغادک,چابهار,چذابه,چالوس
فومن,فولادشهر,بم,شوط,قم
دامغان,ثامن,تارا,بازل,پارس
مهاباد,بهاباد,گناباد,مهرآباد,میبد
تنکابن,تکاب,تیران,کابل,زنجان
بندر چابهار,بندرترکمن,بندر بوشهر,بندر کنگان,بندر مقام
اصفهان - اصفهان صفه,اصفهان - پایانه جی,اصفهان,اصفهان - پایانه کاوه,اصفهان - پایانه صفه
کلاله,کلاچای,کلاردشت,کلن,لار
جهرم,اهر,جاجرم,هرمز,شهرک
شهید مدنی,شهر قدس,شهدای پرواز  هما,شهربابک,شهریار
اصفهان - اصفهان صفه,اصفهان - پایانه جی,اصفهان,اصفهان - پایانه کاوه,اصفهان - پایانه صفه
قم,قم - پایانه فدک,قم - عوارضی,بم,قشم
شهر قدس,شهرک,شهر,اهر,جهرم
مهران,تهران,تیران,داران,هرات
همدان,بم,قم,جم,رم
رفسنجان,ری,رم,بم,قم
لنگرود,لار,لندن,کلن,خنج
زاهدان,زاگرب,تارا,قاهره,اهر
آبادان,آباده,آدانا,آدینا,تارا
بیرجند,بیرم,بیروت,بدره,بشری
اهواز,اهواز - همه پایانهها,اهواز - پایانه تپه,اهواز - پایانه سیاحت,اهواز - اهواز تپه
آباده,آبادان,آمل,دبی,بم
سقز,سقا,قم,سنقر,مسقط
بندر چابهار,بندرترکمن,بندر بوشهر,بندر کنگان,بندر مقام
نوشهر,نوشهیر,بوشهر,شوشتر,نور
عسلویه,عسلويه,بم,قم,فسا
گرمسار,گرمی,رم,سرچم,گراش
مرودشت,مرزن آباد,مریوان,مراغه,مرند
تنکابن,نکا,تارا,تکاب,تیران
دورود,دوحه,اولو,خور,نور
ازمیر,ازمیت,ازنا,اوز,بازل
مهاباد,اهر,دهق,مشهد,فسا
کرمانشاه,کرمان,کربو,هرمز,کربلا
بندر لنگه,بندر گز,تهران,مشهد,اصفهان
ایوان,ایذه,ایروان,ایران زمین,ایروان ارمنستان
بهشهر,بوشهر,نوشهر,ماهشهر,بیشه
کهنوج,کربو,یاسوج,سهند,کلن
ماهشهر,قاهره,مدینه,اهر,ایذه
تارا,اهر,تفرش,شهرک,جهرم
شهرکرد,شهرک,شهریار,شهرضا,شهر
رودان,رضویه,رودسر,رامهرمز,رودبار
آبادان,آبدانان,آپادانا,آباده,رودان
شهید مدنی,شهر قدس,شیرگاه,شهدای پرواز  هما,شیکاگو
لاهیجان,لار,کلاله,اهر,وان
کنگان,کنگاور,کن,کیش,کلن
اهر,دهق,شهر,تارا,یزد
آبدانان,آباده,آبگرم,آبادان,آبیک
اسفراین,اورین,ابردین,اصفهان,استرویل
کنارک,کنگان,کنارتخته,کنگاور,کن
لاهیجان,لار,اهر,رازی,ساری
آدینا,آمستردام,آدانا,آغاجاری,آرامیس
نوردوز,نوشهر,نورنبرگ,نورآباد,نوشهیر
کرمانشاه,کرمان,گرگان,کنگان,برمن
تربت جام,تربت حیدریه,تربیت معلم,تارا,سراب
بجنورد,بروجن,وان,بم,کلن
جهرم,اهر,شهر,لار,دهق
نیشابور,کیش,نیر,نیس,خاش
میلواکی,مینسک,میبد,مدینه,مسجد سلیمان
وان,واشینگتن,لار,خاش,بم
گیلانغرب,ری,کیش,دبی,بم
شهرکرد,شهرک,شهر,اهر,جهرم
چالوس,تفلیس,پارس,باکو,اولو
خرمشهر,گراش,خاش,هرمز,برمن
فریدن,فردوسی,فردریکتون,فریدون کنار,فریدون شهر
قشم,قم,بم,جم,رم
بندر چابهار,بندر بوشهر,بندر کنگان,بندر مقام,بندر لافت
اردکان,اراک,ورسک,ارس,خارک
رودان,زاگرب,گواتی,فیروزکوه,آدینا
اندیمشک,اندیشه,ازمیر,سعدی,دیلم
درگز,درهشهر,درگهان,لار,اهر
اراک,تارا,ورسک,سراب,گراش
گلپایگان,آمل,بم,قم,کلن
یزد,یزد - کمربندی,یاسوج,یاس بندرانزلی,یاس اصفهان
محمدیه,محمودآباد,محرق,بم,قم
کرمانشاه,کرمان,گراش,گرگان,کنگان
فولادشهر,رودان,لار,عماد,فومن
لار,لندن,لارستان,لنجان,لاهیجان
مشهد,میبد,مرند,شهر,یزد
گچساران,بم,قم,جم,ری
فسا,نکا,سقا,تارا,ورسک
بندر گز,بندر دیر,بندرعباس,تهران,مشهد
کرج,کربو,کیش,کلن,خنج
لنگرود,بادرود,دورود,آندروس,شاهرود
خرمشهر,درهشهر,کیاشهر,نوشهر,ماهشهر
ایذه,اهر,کیش,نیر,سایر
زابل,زاگرب,سراب,کابل,لار
نیشابور,کیش,نیر,پیشوا,بیشه
شاهرود,قاهره,اهر,شهرک,شهر
سبزوار,سقز,سراب,بازل,سعدی
سیرجان,سیری,سیواس,سیدنی,سیوداد بولیوار
بادرود,بندر چابهار,بازل,بندرترکمن,بروجن
پارسیان کوثر,پایانه غرب,پارس,پایانه مرزی مهران,پارمیدا
ساری,لار,سایر,تارا,سراب
بندر امام خمینی,بندر امیرآباد,بندر انزلی,بندر گز,بادرود
رفسنجان,فسا,رزن,رودان,ورسک
تهران - پایانه جنوب,تهران - تهران غرب,تهران - تهران بیهقی,تهران - همه پایانهها,تهران - پایانه پونک
مریوان,ایوان,سراوان,میلان,رودان
اهواز - همه پایانهها,اهواز - پایانه تپه,اهواز - پایانه سیاحت,اهواز - اهواز تپه,اهواز
آباده,آبادان,بانه,کلاله,بازل
نهاوند,نقاب,نکا,سراب,نطنز
الیگودرز,البرز,الماس نوین,الماس,التمیرا
زنجان,لنجان,کنگان,ارجان,رودان
آباده,آبادان,عماد,آبیک,آفاق
بابل,بابلسر,بازل,کابل,زابل
گنبد کاووس,خنج,بناب,حلب,کن
اردکان,اردستان,لردگان,ارجان,رودان
تفلیس,تفرش,تفلیس گرجستان,بم,قم
قائمشهر,قائم شهر,قایمیه,قاهره,قائن
شاهرود,بادرود,کازرون,قاهره,اهر
سیرجان,تیران,ایروان,شیروان,ارجان
رامسر,رودسر,ازمیر,رامهرمز,پارس
سیرجان,سیری,تارا,سراب,تیران
نیشابور,تهران,مشهد,اصفهان,شیراز
تارا,تفلیس,تهران - پایانه جنوب,تیران,تالدیقورغان
اصفهان - اصفهان صفه,اصفهان - پایانه جی,اصفهان,اصفهان - پایانه کاوه,اصفهان - پایانه صفه
مهرآباد,مهران,اهر,شهر,لار
سیرجان,سیری,نیر,ساری,سایر
خرمشهر,قروه,خورموج,گراش,دمشق
ارومیه,باتومی,گرمی,ازمیر,قروه
خورموج,خوانسار,خواف,خور,خوی
تاکستان,لارستان,استان,بجستان,ساسان
زاهدان,رودان,دامغان,سپیدان,ساسان
بویین ومیاندشت,بوئین زهرا,بوستن,بوکان,بویراحمد
شیرازیس,شیراز - پایانه مدرس,شیراز - پایانه امیرکبیر,شیراز,شیراز - پایانه کاراندیش
فیروزکوه,فریدن,فومن,فردوسی,فاطیما
ماهشهر,اهر,خاش,مشهد,تالش
بازل,اوز,انار,کابل,نطنز
نوردوز,نطنز,نجف عراق,نوشهر,نورنبرگ
خرمآباد,خرمشهر,خرم پی,خراسانک,خرم دره
کارا ارومیه,کاراکاس,کاروانسرای مشیر یزد,لار,تارا
تهران - پایانه جنوب,تهران - تهران غرب,تهران - تهران بیهقی,تهران - همه پایانهها,تهران - پایانه پونک
ازمیر,اشکنان,اسلامشهر,اورین,اهر
شیرازیس,شیراز - پایانه مدرس,شیراز - پایانه امیرکبیر,شیراز,شیراز - پایانه کاراندیش
آدینا,آمستردام,آدانا,آغاجاری,آرامیس
اوز,نطنز,اهر,وان,ونیز
گراش,گرودنو,گرگان,گرمسار,گرمی
پارسیان کوثر,پارس,پارمیدا,پارس آباد,پارسیان آزادی تهران
قاهره,قروه,قهستان,قزوین,قم
الیگودرز,اهر,دهلی,رازی,دبی
آستانه اشرفیه,آستارا,آمل,بم,قم
قزوین,قم,سقز,یزد,بم
اندیمشک,اندیشه,تهران,مشهد,اصفهان
قزوین,قروه,یزد,قم,قشم
زاگرب,زابل,زاهدان,زاگرس اهواز,زادمحمود
اصفهان - اصفهان صفه,اصفهان - پایانه جی,اصفهان,اصفهان - پایانه کاوه,اصفهان - پایانه صفه
زنجان,خنج,زرند,رزن,ازنا
آستانه اشرفیه,آستارا,آمل,فسا,آتن
بروجرد,بروجن,سبزوار,رودسر,قروه
شهرضا,شهرک,شهر,اهر,جهرم
ایلام,بازل,کابل,دیلم,بابل
دلیجان,دهلی,دبی,دیلم,دهق
اسلامشهر,استانبول ترکیه,اسدآباد,اسلام آباد,اسپیناس پالاس
رشت,ری,رم,تفرش,گراش
یاسوج,یاس بندرانزلی,یاس اصفهان,پارس,یزد
سنندج,سمنان,لندن,وان,سهند
رامهرمز,رامسر,رم,سراب,لار
بندر عسلویه,بندر گز,بادرود,بدره,بندر دیر
شیراز - پایانه مدرس,شیراز - پایانه امیرکبیر,شیراز - پایانه کاراندیش,شیراز,شیرازیس
لامرد,لار,زاگرب,بادرود,تارا
رامسر,پارس,آرامیس,رازی,ارس
فریدن,فریدون کنار,فریدون شهر,ری,تفرش
اندیشه,اندیمشک,یزد,اهر,لندن
اهر,اهواز,اهواز - همه پایانهها,اهواز - پایانه تپه,اهواز - پایانه سیاحت
رودان,رودسر,رودبار,رویان,ری
اردستان,اردبیل,اردکان,ارس,تارا
تهران - پایانه جنوب,تهران - تهران غرب,تهران - تهران بیهقی,تهران - همه پایانهها,تهران - پایانه پونک
آمستردام,آمل,بم,قم,جم
تربت جام,ترابزون ترکیه,ترابزون,تربت حیدریه,تربیت معلم
خرمآباد,خورموج,خمین,خشکبیجار,خاش
بهشهر,اهر,دهق,کیش,خاش
کهگیلویه,کهنوج,کن,اهر,دهق
طبس,دبی,بم,نیس,اطلس
نهاوند,دماوند,سهند,شازند,بهاباد
بابلسر,بابل,بازل,کابل,زابل
تبریز,تارا,لار,اهر,تفرش
کیاشهر,کیش,کیتو,ری,کن
سراب,سرچم,سرپل ذهاب,سراوان,سردشت
تهران,تیران,تورین,مهران,تارا
رفسنجان,فسا,سرخس,نیس,ری
ابوظبی,ابردین,ابهر,ابرکوه,ابوموسی
رودسر,رودان,رودبار,رامسر,ورسک
مشهد,دمشق,قشم,جده,بیشه
نوردوز,نورنبرگ,نورآباد,نورآباد لرستان,نورآباد فارس
گرگان,گرگان - همه پایانهها,گراش,درگز,گرمی
بم,قم,قشم,جم,رم
نوشهر,نوشهیر,دوحه,نقده,بیشه
تنکابن,خنج,نکا,آتنز,آتن
اهواز,اهواز - همه پایانهها,اهواز - پایانه تپه,اهواز - پایانه سیاحت,اهواز - اهواز تپه
یزد,یزد - کمربندی,کیش,بم,نیر
کربو,کردکوی,کربلا,کرمانشاه,کراکوف
بوکان,باکو,پوکت,بم,شوط
داران,داراب,تارا,پارس,آدانا
آباده,آبادان,اتاوا,تارا,بازل
